{"Status":"OK","Dimensions":[{"data":"Account","attr":"[Account]","children":[{"data":"Account Number","attr":{"id":"[Account].[Account Number]","DisplayFolder":""}},{"data":"Account Type","attr":{"id":"[Account].[Account Type]","DisplayFolder":""}},{"data":"Accounts","attr":{"id":"[Account].[Accounts]","DisplayFolder":""}}]},{"data":"Customer","attr":"[Customer]","children":[{"data":"City","attr":{"id":"[Customer].[City]","DisplayFolder":"Location"}},{"data":"Commute Distance","attr":{"id":"[Customer].[Commute Distance]","DisplayFolder":"Demographic"}},{"data":"Country","attr":{"id":"[Customer].[Country]","DisplayFolder":"Location"}},{"data":"Customer","attr":{"id":"[Customer].[Customer]","DisplayFolder":""}},{"data":"Customer Geography","attr":{"id":"[Customer].[Customer Geography]","DisplayFolder":""}},{"data":"Education","attr":{"id":"[Customer].[Education]","DisplayFolder":"Demographic"}},{"data":"Gender","attr":{"id":"[Customer].[Gender]","DisplayFolder":"Demographic"}},{"data":"Home Owner","attr":{"id":"[Customer].[Home Owner]","DisplayFolder":"Demographic"}},{"data":"Marital Status","attr":{"id":"[Customer].[Marital Status]","DisplayFolder":"Demographic"}},{"data":"Number of Cars Owned","attr":{"id":"[Customer].[Number of Cars Owned]","DisplayFolder":"Demographic"}},{"data":"Number of Children At Home","attr":{"id":"[Customer].[Number of Children At Home]","DisplayFolder":"Demographic"}},{"data":"Occupation","attr":{"id":"[Customer].[Occupation]","DisplayFolder":"Demographic"}},{"data":"Postal Code","attr":{"id":"[Customer].[Postal Code]","DisplayFolder":"Location"}},{"data":"State-Province","attr":{"id":"[Customer].[State-Province]","DisplayFolder":"Location"}},{"data":"Total Children","attr":{"id":"[Customer].[Total Children]","DisplayFolder":"Demographic"}},{"data":"Yearly Income","attr":{"id":"[Customer].[Yearly Income]","DisplayFolder":"Demographic"}}]},{"data":"Date","attr":"[Date]","children":[{"data":"Date.Calendar","attr":{"id":"[Date].[Calendar]","DisplayFolder":"Calendar"}},{"data":"Date.Calendar Quarter of Year","attr":{"id":"[Date].[Calendar Quarter of Year]","DisplayFolder":"Calendar"}},{"data":"Date.Calendar Semester of Year","attr":{"id":"[Date].[Calendar Semester of Year]","DisplayFolder":"Calendar"}},{"data":"Date.Calendar Week of Year","attr":{"id":"[Date].[Calendar Week of Year]","DisplayFolder":"Calendar"}},{"data":"Date.Calendar Weeks","attr":{"id":"[Date].[Calendar Weeks]","DisplayFolder":"Calendar"}},{"data":"Date.Calendar Year","attr":{"id":"[Date].[Calendar Year]","DisplayFolder":"Calendar"}},{"data":"Date.Date","attr":{"id":"[Date].[Date]","DisplayFolder":""}},{"data":"Date.Day Name","attr":{"id":"[Date].[Day Name]","DisplayFolder":""}},{"data":"Date.Day of Month","attr":{"id":"[Date].[Day of Month]","DisplayFolder":""}},{"data":"Date.Day of Week","attr":{"id":"[Date].[Day of Week]","DisplayFolder":""}},{"data":"Date.Day of Year","attr":{"id":"[Date].[Day of Year]","DisplayFolder":""}},{"data":"Date.Fiscal","attr":{"id":"[Date].[Fiscal]","DisplayFolder":"Fiscal"}},{"data":"Date.Fiscal Quarter of Year","attr":{"id":"[Date].[Fiscal Quarter of Year]","DisplayFolder":"Fiscal"}},{"data":"Date.Fiscal Semester of Year","attr":{"id":"[Date].[Fiscal Semester of Year]","DisplayFolder":"Fiscal"}},{"data":"Date.Fiscal Week of Year","attr":{"id":"[Date].[Fiscal Week of Year]","DisplayFolder":"Fiscal"}},{"data":"Date.Fiscal Weeks","attr":{"id":"[Date].[Fiscal Weeks]","DisplayFolder":"Fiscal"}},{"data":"Date.Fiscal Year","attr":{"id":"[Date].[Fiscal Year]","DisplayFolder":"Fiscal"}},{"data":"Date.Month of Year","attr":{"id":"[Date].[Month of Year]","DisplayFolder":""}}]},{"data":"Delivery Date","attr":"[Delivery Date]","children":[{"data":"Delivery Date.Calendar","attr":{"id":"[Delivery Date].[Calendar]","DisplayFolder":"Calendar"}},{"data":"Delivery Date.Calendar Quarter of Year","attr":{"id":"[Delivery Date].[Calendar Quarter of Year]","DisplayFolder":"Calendar"}},{"data":"Delivery Date.Calendar Semester of Year","attr":{"id":"[Delivery Date].[Calendar Semester of Year]","DisplayFolder":"Calendar"}},{"data":"Delivery Date.Calendar Week of Year","attr":{"id":"[Delivery Date].[Calendar Week of Year]","DisplayFolder":"Calendar"}},{"data":"Delivery Date.Calendar Weeks","attr":{"id":"[Delivery Date].[Calendar Weeks]","DisplayFolder":"Calendar"}},{"data":"Delivery Date.Calendar Year","attr":{"id":"[Delivery Date].[Calendar Year]","DisplayFolder":"Calendar"}},{"data":"Delivery Date.Date","attr":{"id":"[Delivery Date].[Date]","DisplayFolder":""}},{"data":"Delivery Date.Day Name","attr":{"id":"[Delivery Date].[Day Name]","DisplayFolder":""}},{"data":"Delivery Date.Day of Month","attr":{"id":"[Delivery Date].[Day of Month]","DisplayFolder":""}},{"data":"Delivery Date.Day of Week","attr":{"id":"[Delivery Date].[Day of Week]","DisplayFolder":""}},{"data":"Delivery Date.Day of Year","attr":{"id":"[Delivery Date].[Day of Year]","DisplayFolder":""}},{"data":"Delivery Date.Fiscal","attr":{"id":"[Delivery Date].[Fiscal]","DisplayFolder":"Fiscal"}},{"data":"Delivery Date.Fiscal Quarter of Year","attr":{"id":"[Delivery Date].[Fiscal Quarter of Year]","DisplayFolder":"Fiscal"}},{"data":"Delivery Date.Fiscal Semester of Year","attr":{"id":"[Delivery Date].[Fiscal Semester of Year]","DisplayFolder":"Fiscal"}},{"data":"Delivery Date.Fiscal Week of Year","attr":{"id":"[Delivery Date].[Fiscal Week of Year]","DisplayFolder":"Fiscal"}},{"data":"Delivery Date.Fiscal Weeks","attr":{"id":"[Delivery Date].[Fiscal Weeks]","DisplayFolder":"Fiscal"}},{"data":"Delivery Date.Fiscal Year","attr":{"id":"[Delivery Date].[Fiscal Year]","DisplayFolder":"Fiscal"}},{"data":"Delivery Date.Month of Year","attr":{"id":"[Delivery Date].[Month of Year]","DisplayFolder":""}}]},{"data":"Department","attr":"[Department]","children":[{"data":"Departments","attr":{"id":"[Department].[Departments]","DisplayFolder":""}}]},{"data":"Destination Currency","attr":"[Destination Currency]","children":[{"data":"Destination Currency","attr":{"id":"[Destination Currency].[Destination Currency]","DisplayFolder":""}},{"data":"Destination Currency Code","attr":{"id":"[Destination Currency].[Destination Currency Code]","DisplayFolder":""}}]},{"data":"Employee","attr":"[Employee]","children":[{"data":"Base Rate","attr":{"id":"[Employee].[Base Rate]","DisplayFolder":"Demographic"}},{"data":"Department Name","attr":{"id":"[Employee].[Department Name]","DisplayFolder":"Organization"}},{"data":"Employee Department","attr":{"id":"[Employee].[Employee Department]","DisplayFolder":""}},{"data":"Employees","attr":{"id":"[Employee].[Employees]","DisplayFolder":""}},{"data":"End Date","attr":{"id":"[Employee].[End Date]","DisplayFolder":"History"}},{"data":"Gender","attr":{"id":"[Employee].[Gender]","DisplayFolder":"Demographic"}},{"data":"Hire Date","attr":{"id":"[Employee].[Hire Date]","DisplayFolder":"History"}},{"data":"Hire Year","attr":{"id":"[Employee].[Hire Year]","DisplayFolder":"History"}},{"data":"Marital Status","attr":{"id":"[Employee].[Marital Status]","DisplayFolder":"Demographic"}},{"data":"Pay Frequency","attr":{"id":"[Employee].[Pay Frequency]","DisplayFolder":"Organization"}},{"data":"Phone","attr":{"id":"[Employee].[Phone]","DisplayFolder":"Contacts"}},{"data":"Salaried Flag","attr":{"id":"[Employee].[Salaried Flag]","DisplayFolder":"Organization"}},{"data":"Sales Person Flag","attr":{"id":"[Employee].[Sales Person Flag]","DisplayFolder":"Organization"}},{"data":"Sick Leave Hours","attr":{"id":"[Employee].[Sick Leave Hours]","DisplayFolder":"Organization"}},{"data":"Start Date","attr":{"id":"[Employee].[Start Date]","DisplayFolder":"History"}},{"data":"Status","attr":{"id":"[Employee].[Status]","DisplayFolder":"Organization"}},{"data":"Title","attr":{"id":"[Employee].[Title]","DisplayFolder":"Organization"}},{"data":"Vacation Hours","attr":{"id":"[Employee].[Vacation Hours]","DisplayFolder":"Organization"}}]},{"data":"Geography","attr":"[Geography]","children":[{"data":"City","attr":{"id":"[Geography].[City]","DisplayFolder":""}},{"data":"Country","attr":{"id":"[Geography].[Country]","DisplayFolder":""}},{"data":"Geography","attr":{"id":"[Geography].[Geography]","DisplayFolder":""}},{"data":"Postal Code","attr":{"id":"[Geography].[Postal Code]","DisplayFolder":""}},{"data":"State-Province","attr":{"id":"[Geography].[State-Province]","DisplayFolder":""}}]},{"data":"Internet Sales Order Details","attr":"[Internet Sales Order Details]","children":[{"data":"Internet Sales Orders","attr":{"id":"[Internet Sales Order Details].[Internet Sales Orders]","DisplayFolder":""}},{"data":"Sales Order Line","attr":{"id":"[Internet Sales Order Details].[Sales Order Line]","DisplayFolder":""}},{"data":"Sales Order Number","attr":{"id":"[Internet Sales Order Details].[Sales Order Number]","DisplayFolder":""}}]},{"data":"Measures","attr":"[Measures]","children":[{"data":"Measures","attr":{"id":"[Measures]","DisplayFolder":""}}]},{"data":"Organization","attr":"[Organization]","children":[{"data":"Currency Code","attr":{"id":"[Organization].[Currency Code]","DisplayFolder":""}},{"data":"Organizations","attr":{"id":"[Organization].[Organizations]","DisplayFolder":""}}]},{"data":"Product","attr":"[Product]","children":[{"data":"Category","attr":{"id":"[Product].[Category]","DisplayFolder":""}},{"data":"Class","attr":{"id":"[Product].[Class]","DisplayFolder":"Stocking"}},{"data":"Color","attr":{"id":"[Product].[Color]","DisplayFolder":"Stocking"}},{"data":"Days to Manufacture","attr":{"id":"[Product].[Days to Manufacture]","DisplayFolder":"Stocking"}},{"data":"Dealer Price","attr":{"id":"[Product].[Dealer Price]","DisplayFolder":"Financial"}},{"data":"End Date","attr":{"id":"[Product].[End Date]","DisplayFolder":"History"}},{"data":"Large Photo","attr":{"id":"[Product].[Large Photo]","DisplayFolder":""}},{"data":"List Price","attr":{"id":"[Product].[List Price]","DisplayFolder":"Financial"}},{"data":"Model Name","attr":{"id":"[Product].[Model Name]","DisplayFolder":""}},{"data":"Product","attr":{"id":"[Product].[Product]","DisplayFolder":""}},{"data":"Product Categories","attr":{"id":"[Product].[Product Categories]","DisplayFolder":""}},{"data":"Product Line","attr":{"id":"[Product].[Product Line]","DisplayFolder":""}},{"data":"Product Model Lines","attr":{"id":"[Product].[Product Model Lines]","DisplayFolder":""}},{"data":"Reorder Point","attr":{"id":"[Product].[Reorder Point]","DisplayFolder":"Stocking"}},{"data":"Safety Stock Level","attr":{"id":"[Product].[Safety Stock Level]","DisplayFolder":"Stocking"}},{"data":"Size","attr":{"id":"[Product].[Size]","DisplayFolder":"Stocking"}},{"data":"Size Range","attr":{"id":"[Product].[Size Range]","DisplayFolder":"Stocking"}},{"data":"Standard Cost","attr":{"id":"[Product].[Standard Cost]","DisplayFolder":"Financial"}},{"data":"Start Date","attr":{"id":"[Product].[Start Date]","DisplayFolder":"History"}},{"data":"Status","attr":{"id":"[Product].[Status]","DisplayFolder":"History"}},{"data":"Stock Level","attr":{"id":"[Product].[Stock Level]","DisplayFolder":"Stocking"}},{"data":"Style","attr":{"id":"[Product].[Style]","DisplayFolder":""}},{"data":"Subcategory","attr":{"id":"[Product].[Subcategory]","DisplayFolder":""}},{"data":"Weight","attr":{"id":"[Product].[Weight]","DisplayFolder":"Stocking"}}]},{"data":"Promotion","attr":"[Promotion]","children":[{"data":"Discount Percent","attr":{"id":"[Promotion].[Discount Percent]","DisplayFolder":""}},{"data":"End Date","attr":{"id":"[Promotion].[End Date]","DisplayFolder":""}},{"data":"Max Quantity","attr":{"id":"[Promotion].[Max Quantity]","DisplayFolder":""}},{"data":"Min Quantity","attr":{"id":"[Promotion].[Min Quantity]","DisplayFolder":""}},{"data":"Promotion","attr":{"id":"[Promotion].[Promotion]","DisplayFolder":""}},{"data":"Promotion Category","attr":{"id":"[Promotion].[Promotion Category]","DisplayFolder":""}},{"data":"Promotion Type","attr":{"id":"[Promotion].[Promotion Type]","DisplayFolder":""}},{"data":"Promotions","attr":{"id":"[Promotion].[Promotions]","DisplayFolder":""}},{"data":"Start Date","attr":{"id":"[Promotion].[Start Date]","DisplayFolder":""}}]},{"data":"Reseller","attr":"[Reseller]","children":[{"data":"Annual Revenue","attr":{"id":"[Reseller].[Annual Revenue]","DisplayFolder":"Sales Data"}},{"data":"Annual Sales","attr":{"id":"[Reseller].[Annual Sales]","DisplayFolder":"Sales Data"}},{"data":"Bank Name","attr":{"id":"[Reseller].[Bank Name]","DisplayFolder":"Order Data"}},{"data":"Business Type","attr":{"id":"[Reseller].[Business Type]","DisplayFolder":""}},{"data":"Number of Employees","attr":{"id":"[Reseller].[Number of Employees]","DisplayFolder":""}},{"data":"Order Frequency","attr":{"id":"[Reseller].[Order Frequency]","DisplayFolder":"Order Data"}},{"data":"Order Month","attr":{"id":"[Reseller].[Order Month]","DisplayFolder":"Order Data"}},{"data":"Product Line","attr":{"id":"[Reseller].[Product Line]","DisplayFolder":""}},{"data":"Reseller","attr":{"id":"[Reseller].[Reseller]","DisplayFolder":""}},{"data":"Reseller Bank","attr":{"id":"[Reseller].[Reseller Bank]","DisplayFolder":"Order Data"}},{"data":"Reseller Order Frequency","attr":{"id":"[Reseller].[Reseller Order Frequency]","DisplayFolder":"Order Data"}},{"data":"Reseller Order Month","attr":{"id":"[Reseller].[Reseller Order Month]","DisplayFolder":"Order Data"}},{"data":"Reseller Type","attr":{"id":"[Reseller].[Reseller Type]","DisplayFolder":""}}]},{"data":"Reseller Sales Order Details","attr":"[Reseller Sales Order Details]","children":[{"data":"Carrier Tracking Number","attr":{"id":"[Reseller Sales Order Details].[Carrier Tracking Number]","DisplayFolder":""}},{"data":"Customer PO Number","attr":{"id":"[Reseller Sales Order Details].[Customer PO Number]","DisplayFolder":""}},{"data":"Reseller Sales Orders","attr":{"id":"[Reseller Sales Order Details].[Reseller Sales Orders]","DisplayFolder":""}},{"data":"Sales Order Line","attr":{"id":"[Reseller Sales Order Details].[Sales Order Line]","DisplayFolder":""}},{"data":"Sales Order Number","attr":{"id":"[Reseller Sales Order Details].[Sales Order Number]","DisplayFolder":""}}]},{"data":"Sales Channel","attr":"[Sales Channel]","children":[{"data":"Sales Channel","attr":{"id":"[Sales Channel].[Sales Channel]","DisplayFolder":""}}]},{"data":"Sales Reason","attr":"[Sales Reason]","children":[{"data":"Sales Reason","attr":{"id":"[Sales Reason].[Sales Reason]","DisplayFolder":""}},{"data":"Sales Reason Type","attr":{"id":"[Sales Reason].[Sales Reason Type]","DisplayFolder":""}},{"data":"Sales Reasons","attr":{"id":"[Sales Reason].[Sales Reasons]","DisplayFolder":""}}]},{"data":"Sales Summary Order Details","attr":"[Sales Summary Order Details]","children":[{"data":"Carrier Tracking Number","attr":{"id":"[Sales Summary Order Details].[Carrier Tracking Number]","DisplayFolder":""}},{"data":"Customer PO Number","attr":{"id":"[Sales Summary Order Details].[Customer PO Number]","DisplayFolder":""}},{"data":"Sales Order Line","attr":{"id":"[Sales Summary Order Details].[Sales Order Line]","DisplayFolder":""}},{"data":"Sales Order Number","attr":{"id":"[Sales Summary Order Details].[Sales Order Number]","DisplayFolder":""}},{"data":"Sales Orders","attr":{"id":"[Sales Summary Order Details].[Sales Orders]","DisplayFolder":""}}]},{"data":"Sales Territory","attr":"[Sales Territory]","children":[{"data":"Sales Territory","attr":{"id":"[Sales Territory].[Sales Territory]","DisplayFolder":""}},{"data":"Sales Territory Country","attr":{"id":"[Sales Territory].[Sales Territory Country]","DisplayFolder":""}},{"data":"Sales Territory Group","attr":{"id":"[Sales Territory].[Sales Territory Group]","DisplayFolder":""}},{"data":"Sales Territory Region","attr":{"id":"[Sales Territory].[Sales Territory Region]","DisplayFolder":""}}]},{"data":"Scenario","attr":"[Scenario]","children":[{"data":"Scenario","attr":{"id":"[Scenario].[Scenario]","DisplayFolder":""}}]},{"data":"Ship Date","attr":"[Ship Date]","children":[{"data":"Ship Date.Calendar","attr":{"id":"[Ship Date].[Calendar]","DisplayFolder":"Calendar"}},{"data":"Ship Date.Calendar Quarter of Year","attr":{"id":"[Ship Date].[Calendar Quarter of Year]","DisplayFolder":"Calendar"}},{"data":"Ship Date.Calendar Semester of Year","attr":{"id":"[Ship Date].[Calendar Semester of Year]","DisplayFolder":"Calendar"}},{"data":"Ship Date.Calendar Week of Year","attr":{"id":"[Ship Date].[Calendar Week of Year]","DisplayFolder":"Calendar"}},{"data":"Ship Date.Calendar Weeks","attr":{"id":"[Ship Date].[Calendar Weeks]","DisplayFolder":"Calendar"}},{"data":"Ship Date.Calendar Year","attr":{"id":"[Ship Date].[Calendar Year]","DisplayFolder":"Calendar"}},{"data":"Ship Date.Date","attr":{"id":"[Ship Date].[Date]","DisplayFolder":""}},{"data":"Ship Date.Day Name","attr":{"id":"[Ship Date].[Day Name]","DisplayFolder":""}},{"data":"Ship Date.Day of Month","attr":{"id":"[Ship Date].[Day of Month]","DisplayFolder":""}},{"data":"Ship Date.Day of Week","attr":{"id":"[Ship Date].[Day of Week]","DisplayFolder":""}},{"data":"Ship Date.Day of Year","attr":{"id":"[Ship Date].[Day of Year]","DisplayFolder":""}},{"data":"Ship Date.Fiscal","attr":{"id":"[Ship Date].[Fiscal]","DisplayFolder":"Fiscal"}},{"data":"Ship Date.Fiscal Quarter of Year","attr":{"id":"[Ship Date].[Fiscal Quarter of Year]","DisplayFolder":"Fiscal"}},{"data":"Ship Date.Fiscal Semester of Year","attr":{"id":"[Ship Date].[Fiscal Semester of Year]","DisplayFolder":"Fiscal"}},{"data":"Ship Date.Fiscal Week of Year","attr":{"id":"[Ship Date].[Fiscal Week of Year]","DisplayFolder":"Fiscal"}},{"data":"Ship Date.Fiscal Weeks","attr":{"id":"[Ship Date].[Fiscal Weeks]","DisplayFolder":"Fiscal"}},{"data":"Ship Date.Fiscal Year","attr":{"id":"[Ship Date].[Fiscal Year]","DisplayFolder":"Fiscal"}},{"data":"Ship Date.Month of Year","attr":{"id":"[Ship Date].[Month of Year]","DisplayFolder":""}}]},{"data":"Source Currency","attr":"[Source Currency]","children":[{"data":"Source Currency","attr":{"id":"[Source Currency].[Source Currency]","DisplayFolder":""}},{"data":"Source Currency Code","attr":{"id":"[Source Currency].[Source Currency Code]","DisplayFolder":""}}]}]}