{"Status":"OK","axisInfo":[{"axisName":"Axis0","hierarchies":[{"hierarchyName":"[Measures]"}],"positions":[{"ordinal":0,"members":[{"uniqueName":"[Measures].[Internet Average Sales Amount]","name":"[Measures].[Internet Average Sales Amount]","levelDepth":0,"levelName":"[Measures].[MeasuresLevel]","caption":"Internet Average Sales Amount"}]},{"ordinal":1,"members":[{"uniqueName":"[Measures].[Amount]","name":"[Measures].[Amount]","levelDepth":0,"levelName":"[Measures].[MeasuresLevel]","caption":"Amount"}]}]},{"axisName":"Axis1","hierarchies":[{"hierarchyName":"[Date].[Day Name]"}],"positions":[{"ordinal":0,"members":[{"uniqueName":"[Date].[Day Name].[All Periods]","name":"[Date].[Day Name].[All Periods]","levelDepth":0,"levelName":"[Date].[Day Name].[(All)]","caption":"All Periods"}]},{"ordinal":1,"members":[{"uniqueName":"[Date].[Day Name].\u0026[1]","name":"[Date].[Day Name].\u0026[1]","levelDepth":1,"levelName":"[Date].[Day Name].[Day Name]","caption":"Sunday"}]},{"ordinal":2,"members":[{"uniqueName":"[Date].[Day Name].\u0026[2]","name":"[Date].[Day Name].\u0026[2]","levelDepth":1,"levelName":"[Date].[Day Name].[Day Name]","caption":"Monday"}]},{"ordinal":3,"members":[{"uniqueName":"[Date].[Day Name].\u0026[3]","name":"[Date].[Day Name].\u0026[3]","levelDepth":1,"levelName":"[Date].[Day Name].[Day Name]","caption":"Tuesday"}]},{"ordinal":4,"members":[{"uniqueName":"[Date].[Day Name].\u0026[4]","name":"[Date].[Day Name].\u0026[4]","levelDepth":1,"levelName":"[Date].[Day Name].[Day Name]","caption":"Wednesday"}]},{"ordinal":5,"members":[{"uniqueName":"[Date].[Day Name].\u0026[5]","name":"[Date].[Day Name].\u0026[5]","levelDepth":1,"levelName":"[Date].[Day Name].[Day Name]","caption":"Thursday"}]},{"ordinal":6,"members":[{"uniqueName":"[Date].[Day Name].\u0026[6]","name":"[Date].[Day Name].\u0026[6]","levelDepth":1,"levelName":"[Date].[Day Name].[Day Name]","caption":"Friday"}]},{"ordinal":7,"members":[{"uniqueName":"[Date].[Day Name].\u0026[7]","name":"[Date].[Day Name].\u0026[7]","levelDepth":1,"levelName":"[Date].[Day Name].[Day Name]","caption":"Saturday"}]}]}],"cSet":[{"value":1061.451145041397,"formattedValue":"$1,061.45"},{"value":12609503,"formattedValue":"$12,609,503.00"},{"value":1074.0206996192894,"formattedValue":"$1,074.02"},{"value":1094506,"formattedValue":"$1,094,506.00"},{"value":1061.2821422222223,"formattedValue":"$1,061.28"},{"value":1579819.9999999995,"formattedValue":"$1,579,820.00"},{"value":1069.0071787902189,"formattedValue":"$1,069.01"},{"value":841290,"formattedValue":"$841,290.00"},{"value":1053.667282971662,"formattedValue":"$1,053.67"},{"value":1522286,"formattedValue":"$1,522,286.00"},{"value":1045.9569335875922,"formattedValue":"$1,045.96"},{"value":2930636,"formattedValue":"$2,930,636.00"},{"value":1064.1672841708544,"formattedValue":"$1,064.17"},{"value":2729567,"formattedValue":"$2,729,567.00"},{"value":1062.0381583761312,"formattedValue":"$1,062.04"},{"value":1911398,"formattedValue":"$1,911,398.00"}]}