{"Status":"OK","axisInfo":[{"axisName":"Axis0","hierarchies":[{"hierarchyName":"[Employee].[Gender]"},{"hierarchyName":"[Measures]"}],"positions":[{"ordinal":0,"members":[{"uniqueName":"[Employee].[Gender].[All Employees]","name":"[Employee].[Gender].[All Employees]","levelDepth":0,"levelName":"[Employee].[Gender].[(All)]","caption":"All Employees"},{"uniqueName":"[Measures].[End of Day Rate]","name":"[Measures].[End of Day Rate]","levelDepth":0,"levelName":"[Measures].[MeasuresLevel]","caption":"End of Day Rate"}]},{"ordinal":1,"members":[{"uniqueName":"[Employee].[Gender].[All Employees]","name":"[Employee].[Gender].[All Employees]","levelDepth":0,"levelName":"[Employee].[Gender].[(All)]","caption":"All Employees"},{"uniqueName":"[Measures].[Average Rate]","name":"[Measures].[Average Rate]","levelDepth":0,"levelName":"[Measures].[MeasuresLevel]","caption":"Average Rate"}]},{"ordinal":2,"members":[{"uniqueName":"[Employee].[Gender].[All Employees]","name":"[Employee].[Gender].[All Employees]","levelDepth":0,"levelName":"[Employee].[Gender].[(All)]","caption":"All Employees"},{"uniqueName":"[Measures].[Customer Count]","name":"[Measures].[Customer Count]","levelDepth":0,"levelName":"[Measures].[MeasuresLevel]","caption":"Customer Count"}]},{"ordinal":3,"members":[{"uniqueName":"[Employee].[Gender].\u0026[F]","name":"[Employee].[Gender].\u0026[F]","levelDepth":1,"levelName":"[Employee].[Gender].[Gender]","caption":"Female"},{"uniqueName":"[Measures].[End of Day Rate]","name":"[Measures].[End of Day Rate]","levelDepth":0,"levelName":"[Measures].[MeasuresLevel]","caption":"End of Day Rate"}]},{"ordinal":4,"members":[{"uniqueName":"[Employee].[Gender].\u0026[F]","name":"[Employee].[Gender].\u0026[F]","levelDepth":1,"levelName":"[Employee].[Gender].[Gender]","caption":"Female"},{"uniqueName":"[Measures].[Average Rate]","name":"[Measures].[Average Rate]","levelDepth":0,"levelName":"[Measures].[MeasuresLevel]","caption":"Average Rate"}]},{"ordinal":5,"members":[{"uniqueName":"[Employee].[Gender].\u0026[F]","name":"[Employee].[Gender].\u0026[F]","levelDepth":1,"levelName":"[Employee].[Gender].[Gender]","caption":"Female"},{"uniqueName":"[Measures].[Customer Count]","name":"[Measures].[Customer Count]","levelDepth":0,"levelName":"[Measures].[MeasuresLevel]","caption":"Customer Count"}]},{"ordinal":6,"members":[{"uniqueName":"[Employee].[Gender].\u0026[M]","name":"[Employee].[Gender].\u0026[M]","levelDepth":1,"levelName":"[Employee].[Gender].[Gender]","caption":"Male"},{"uniqueName":"[Measures].[End of Day Rate]","name":"[Measures].[End of Day Rate]","levelDepth":0,"levelName":"[Measures].[MeasuresLevel]","caption":"End of Day Rate"}]},{"ordinal":7,"members":[{"uniqueName":"[Employee].[Gender].\u0026[M]","name":"[Employee].[Gender].\u0026[M]","levelDepth":1,"levelName":"[Employee].[Gender].[Gender]","caption":"Male"},{"uniqueName":"[Measures].[Average Rate]","name":"[Measures].[Average Rate]","levelDepth":0,"levelName":"[Measures].[MeasuresLevel]","caption":"Average Rate"}]},{"ordinal":8,"members":[{"uniqueName":"[Employee].[Gender].\u0026[M]","name":"[Employee].[Gender].\u0026[M]","levelDepth":1,"levelName":"[Employee].[Gender].[Gender]","caption":"Male"},{"uniqueName":"[Measures].[Customer Count]","name":"[Measures].[Customer Count]","levelDepth":0,"levelName":"[Measures].[MeasuresLevel]","caption":"Customer Count"}]}]},{"axisName":"Axis1","hierarchies":[{"hierarchyName":"[Employee].[Marital Status]"},{"hierarchyName":"[Date].[Day Name]"}],"positions":[{"ordinal":0,"members":[{"uniqueName":"[Employee].[Marital Status].[All Employees]","name":"[Employee].[Marital Status].[All Employees]","levelDepth":0,"levelName":"[Employee].[Marital Status].[(All)]","caption":"All Employees"},{"uniqueName":"[Date].[Day Name].[All Periods]","name":"[Date].[Day Name].[All Periods]","levelDepth":0,"levelName":"[Date].[Day Name].[(All)]","caption":"All Periods"}]},{"ordinal":1,"members":[{"uniqueName":"[Employee].[Marital Status].[All Employees]","name":"[Employee].[Marital Status].[All Employees]","levelDepth":0,"levelName":"[Employee].[Marital Status].[(All)]","caption":"All Employees"},{"uniqueName":"[Date].[Day Name].\u0026[1]","name":"[Date].[Day Name].\u0026[1]","levelDepth":1,"levelName":"[Date].[Day Name].[Day Name]","caption":"Sunday"}]},{"ordinal":2,"members":[{"uniqueName":"[Employee].[Marital Status].[All Employees]","name":"[Employee].[Marital Status].[All Employees]","levelDepth":0,"levelName":"[Employee].[Marital Status].[(All)]","caption":"All Employees"},{"uniqueName":"[Date].[Day Name].\u0026[2]","name":"[Date].[Day Name].\u0026[2]","levelDepth":1,"levelName":"[Date].[Day Name].[Day Name]","caption":"Monday"}]},{"ordinal":3,"members":[{"uniqueName":"[Employee].[Marital Status].[All Employees]","name":"[Employee].[Marital Status].[All Employees]","levelDepth":0,"levelName":"[Employee].[Marital Status].[(All)]","caption":"All Employees"},{"uniqueName":"[Date].[Day Name].\u0026[3]","name":"[Date].[Day Name].\u0026[3]","levelDepth":1,"levelName":"[Date].[Day Name].[Day Name]","caption":"Tuesday"}]},{"ordinal":4,"members":[{"uniqueName":"[Employee].[Marital Status].[All Employees]","name":"[Employee].[Marital Status].[All Employees]","levelDepth":0,"levelName":"[Employee].[Marital Status].[(All)]","caption":"All Employees"},{"uniqueName":"[Date].[Day Name].\u0026[4]","name":"[Date].[Day Name].\u0026[4]","levelDepth":1,"levelName":"[Date].[Day Name].[Day Name]","caption":"Wednesday"}]},{"ordinal":5,"members":[{"uniqueName":"[Employee].[Marital Status].[All Employees]","name":"[Employee].[Marital Status].[All Employees]","levelDepth":0,"levelName":"[Employee].[Marital Status].[(All)]","caption":"All Employees"},{"uniqueName":"[Date].[Day Name].\u0026[5]","name":"[Date].[Day Name].\u0026[5]","levelDepth":1,"levelName":"[Date].[Day Name].[Day Name]","caption":"Thursday"}]},{"ordinal":6,"members":[{"uniqueName":"[Employee].[Marital Status].[All Employees]","name":"[Employee].[Marital Status].[All Employees]","levelDepth":0,"levelName":"[Employee].[Marital Status].[(All)]","caption":"All Employees"},{"uniqueName":"[Date].[Day Name].\u0026[6]","name":"[Date].[Day Name].\u0026[6]","levelDepth":1,"levelName":"[Date].[Day Name].[Day Name]","caption":"Friday"}]},{"ordinal":7,"members":[{"uniqueName":"[Employee].[Marital Status].[All Employees]","name":"[Employee].[Marital Status].[All Employees]","levelDepth":0,"levelName":"[Employee].[Marital Status].[(All)]","caption":"All Employees"},{"uniqueName":"[Date].[Day Name].\u0026[7]","name":"[Date].[Day Name].\u0026[7]","levelDepth":1,"levelName":"[Date].[Day Name].[Day Name]","caption":"Saturday"}]},{"ordinal":8,"members":[{"uniqueName":"[Employee].[Marital Status].\u0026[Married]","name":"[Employee].[Marital Status].\u0026[Married]","levelDepth":1,"levelName":"[Employee].[Marital Status].[Marital Status]","caption":"Married"},{"uniqueName":"[Date].[Day Name].[All Periods]","name":"[Date].[Day Name].[All Periods]","levelDepth":0,"levelName":"[Date].[Day Name].[(All)]","caption":"All Periods"}]},{"ordinal":9,"members":[{"uniqueName":"[Employee].[Marital Status].\u0026[Married]","name":"[Employee].[Marital Status].\u0026[Married]","levelDepth":1,"levelName":"[Employee].[Marital Status].[Marital Status]","caption":"Married"},{"uniqueName":"[Date].[Day Name].\u0026[1]","name":"[Date].[Day Name].\u0026[1]","levelDepth":1,"levelName":"[Date].[Day Name].[Day Name]","caption":"Sunday"}]},{"ordinal":10,"members":[{"uniqueName":"[Employee].[Marital Status].\u0026[Married]","name":"[Employee].[Marital Status].\u0026[Married]","levelDepth":1,"levelName":"[Employee].[Marital Status].[Marital Status]","caption":"Married"},{"uniqueName":"[Date].[Day Name].\u0026[2]","name":"[Date].[Day Name].\u0026[2]","levelDepth":1,"levelName":"[Date].[Day Name].[Day Name]","caption":"Monday"}]},{"ordinal":11,"members":[{"uniqueName":"[Employee].[Marital Status].\u0026[Married]","name":"[Employee].[Marital Status].\u0026[Married]","levelDepth":1,"levelName":"[Employee].[Marital Status].[Marital Status]","caption":"Married"},{"uniqueName":"[Date].[Day Name].\u0026[3]","name":"[Date].[Day Name].\u0026[3]","levelDepth":1,"levelName":"[Date].[Day Name].[Day Name]","caption":"Tuesday"}]},{"ordinal":12,"members":[{"uniqueName":"[Employee].[Marital Status].\u0026[Married]","name":"[Employee].[Marital Status].\u0026[Married]","levelDepth":1,"levelName":"[Employee].[Marital Status].[Marital Status]","caption":"Married"},{"uniqueName":"[Date].[Day Name].\u0026[4]","name":"[Date].[Day Name].\u0026[4]","levelDepth":1,"levelName":"[Date].[Day Name].[Day Name]","caption":"Wednesday"}]},{"ordinal":13,"members":[{"uniqueName":"[Employee].[Marital Status].\u0026[Married]","name":"[Employee].[Marital Status].\u0026[Married]","levelDepth":1,"levelName":"[Employee].[Marital Status].[Marital Status]","caption":"Married"},{"uniqueName":"[Date].[Day Name].\u0026[5]","name":"[Date].[Day Name].\u0026[5]","levelDepth":1,"levelName":"[Date].[Day Name].[Day Name]","caption":"Thursday"}]},{"ordinal":14,"members":[{"uniqueName":"[Employee].[Marital Status].\u0026[Married]","name":"[Employee].[Marital Status].\u0026[Married]","levelDepth":1,"levelName":"[Employee].[Marital Status].[Marital Status]","caption":"Married"},{"uniqueName":"[Date].[Day Name].\u0026[6]","name":"[Date].[Day Name].\u0026[6]","levelDepth":1,"levelName":"[Date].[Day Name].[Day Name]","caption":"Friday"}]},{"ordinal":15,"members":[{"uniqueName":"[Employee].[Marital Status].\u0026[Married]","name":"[Employee].[Marital Status].\u0026[Married]","levelDepth":1,"levelName":"[Employee].[Marital Status].[Marital Status]","caption":"Married"},{"uniqueName":"[Date].[Day Name].\u0026[7]","name":"[Date].[Day Name].\u0026[7]","levelDepth":1,"levelName":"[Date].[Day Name].[Day Name]","caption":"Saturday"}]},{"ordinal":16,"members":[{"uniqueName":"[Employee].[Marital Status].\u0026[Single]","name":"[Employee].[Marital Status].\u0026[Single]","levelDepth":1,"levelName":"[Employee].[Marital Status].[Marital Status]","caption":"Single"},{"uniqueName":"[Date].[Day Name].[All Periods]","name":"[Date].[Day Name].[All Periods]","levelDepth":0,"levelName":"[Date].[Day Name].[(All)]","caption":"All Periods"}]},{"ordinal":17,"members":[{"uniqueName":"[Employee].[Marital Status].\u0026[Single]","name":"[Employee].[Marital Status].\u0026[Single]","levelDepth":1,"levelName":"[Employee].[Marital Status].[Marital Status]","caption":"Single"},{"uniqueName":"[Date].[Day Name].\u0026[1]","name":"[Date].[Day Name].\u0026[1]","levelDepth":1,"levelName":"[Date].[Day Name].[Day Name]","caption":"Sunday"}]},{"ordinal":18,"members":[{"uniqueName":"[Employee].[Marital Status].\u0026[Single]","name":"[Employee].[Marital Status].\u0026[Single]","levelDepth":1,"levelName":"[Employee].[Marital Status].[Marital Status]","caption":"Single"},{"uniqueName":"[Date].[Day Name].\u0026[2]","name":"[Date].[Day Name].\u0026[2]","levelDepth":1,"levelName":"[Date].[Day Name].[Day Name]","caption":"Monday"}]},{"ordinal":19,"members":[{"uniqueName":"[Employee].[Marital Status].\u0026[Single]","name":"[Employee].[Marital Status].\u0026[Single]","levelDepth":1,"levelName":"[Employee].[Marital Status].[Marital Status]","caption":"Single"},{"uniqueName":"[Date].[Day Name].\u0026[3]","name":"[Date].[Day Name].\u0026[3]","levelDepth":1,"levelName":"[Date].[Day Name].[Day Name]","caption":"Tuesday"}]},{"ordinal":20,"members":[{"uniqueName":"[Employee].[Marital Status].\u0026[Single]","name":"[Employee].[Marital Status].\u0026[Single]","levelDepth":1,"levelName":"[Employee].[Marital Status].[Marital Status]","caption":"Single"},{"uniqueName":"[Date].[Day Name].\u0026[4]","name":"[Date].[Day Name].\u0026[4]","levelDepth":1,"levelName":"[Date].[Day Name].[Day Name]","caption":"Wednesday"}]},{"ordinal":21,"members":[{"uniqueName":"[Employee].[Marital Status].\u0026[Single]","name":"[Employee].[Marital Status].\u0026[Single]","levelDepth":1,"levelName":"[Employee].[Marital Status].[Marital Status]","caption":"Single"},{"uniqueName":"[Date].[Day Name].\u0026[5]","name":"[Date].[Day Name].\u0026[5]","levelDepth":1,"levelName":"[Date].[Day Name].[Day Name]","caption":"Thursday"}]},{"ordinal":22,"members":[{"uniqueName":"[Employee].[Marital Status].\u0026[Single]","name":"[Employee].[Marital Status].\u0026[Single]","levelDepth":1,"levelName":"[Employee].[Marital Status].[Marital Status]","caption":"Single"},{"uniqueName":"[Date].[Day Name].\u0026[6]","name":"[Date].[Day Name].\u0026[6]","levelDepth":1,"levelName":"[Date].[Day Name].[Day Name]","caption":"Friday"}]},{"ordinal":23,"members":[{"uniqueName":"[Employee].[Marital Status].\u0026[Single]","name":"[Employee].[Marital Status].\u0026[Single]","levelDepth":1,"levelName":"[Employee].[Marital Status].[Marital Status]","caption":"Single"},{"uniqueName":"[Date].[Day Name].\u0026[7]","name":"[Date].[Day Name].\u0026[7]","levelDepth":1,"levelName":"[Date].[Day Name].[Day Name]","caption":"Saturday"}]}]}],"cSet":[{"value":1,"formattedValue":"1.00"},{"value":1,"formattedValue":"1.00"},{"value":18484,"formattedValue":"18,484"},{"value":1,"formattedValue":"1.00"},{"value":1,"formattedValue":"1.00"},{"value":18484,"formattedValue":"18,484"},{"value":1,"formattedValue":"1.00"},{"value":1,"formattedValue":"1.00"},{"value":18484,"formattedValue":"18,484"},{"value":1,"formattedValue":"1.00"},{"value":1,"formattedValue":"1.00"},{"value":3671,"formattedValue":"3,671"},{"value":1,"formattedValue":"1.00"},{"value":1,"formattedValue":"1.00"},{"value":3671,"formattedValue":"3,671"},{"value":1,"formattedValue":"1.00"},{"value":1,"formattedValue":"1.00"},{"value":3671,"formattedValue":"3,671"},{"value":1,"formattedValue":"1.00"},{"value":1,"formattedValue":"1.00"},{"value":3642,"formattedValue":"3,642"},{"value":1,"formattedValue":"1.00"},{"value":1,"formattedValue":"1.00"},{"value":3642,"formattedValue":"3,642"},{"value":1,"formattedValue":"1.00"},{"value":1,"formattedValue":"1.00"},{"value":3642,"formattedValue":"3,642"},{"value":1,"formattedValue":"1.00"},{"value":1,"formattedValue":"1.00"},{"value":3604,"formattedValue":"3,604"},{"value":1,"formattedValue":"1.00"},{"value":1,"formattedValue":"1.00"},{"value":3604,"formattedValue":"3,604"},{"value":1,"formattedValue":"1.00"},{"value":1,"formattedValue":"1.00"},{"value":3604,"formattedValue":"3,604"},{"value":1,"formattedValue":"1.00"},{"value":1,"formattedValue":"1.00"},{"value":3644,"formattedValue":"3,644"},{"value":1,"formattedValue":"1.00"},{"value":1,"formattedValue":"1.00"},{"value":3644,"formattedValue":"3,644"},{"value":1,"formattedValue":"1.00"},{"value":1,"formattedValue":"1.00"},{"value":3644,"formattedValue":"3,644"},{"value":1,"formattedValue":"1.00"},{"value":1,"formattedValue":"1.00"},{"value":3686,"formattedValue":"3,686"},{"value":1,"formattedValue":"1.00"},{"value":1,"formattedValue":"1.00"},{"value":3686,"formattedValue":"3,686"},{"value":1,"formattedValue":"1.00"},{"value":1,"formattedValue":"1.00"},{"value":3686,"formattedValue":"3,686"},{"value":1,"formattedValue":"1.00"},{"value":1,"formattedValue":"1.00"},{"value":3703,"formattedValue":"3,703"},{"value":1,"formattedValue":"1.00"},{"value":1,"formattedValue":"1.00"},{"value":3703,"formattedValue":"3,703"},{"value":1,"formattedValue":"1.00"},{"value":1,"formattedValue":"1.00"},{"value":3703,"formattedValue":"3,703"},{"value":1,"formattedValue":"1.00"},{"value":1,"formattedValue":"1.00"},{"value":3797,"formattedValue":"3,797"},{"value":1,"formattedValue":"1.00"},{"value":1,"formattedValue":"1.00"},{"value":3797,"formattedValue":"3,797"},{"value":1,"formattedValue":"1.00"},{"value":1,"formattedValue":"1.00"},{"value":3797,"formattedValue":"3,797"},{"value":1,"formattedValue":"1.00"},{"value":1,"formattedValue":"1.00"},{"value":18484,"formattedValue":"18,484"},{"value":1,"formattedValue":"1.00"},{"value":1,"formattedValue":"1.00"},{"value":18484,"formattedValue":"18,484"},{"value":1,"formattedValue":"1.00"},{"value":1,"formattedValue":"1.00"},{"value":18484,"formattedValue":"18,484"},{"value":1,"formattedValue":"1.00"},{"value":1,"formattedValue":"1.00"},{"value":3671,"formattedValue":"3,671"},{"value":1,"formattedValue":"1.00"},{"value":1,"formattedValue":"1.00"},{"value":3671,"formattedValue":"3,671"},{"value":1,"formattedValue":"1.00"},{"value":1,"formattedValue":"1.00"},{"value":3671,"formattedValue":"3,671"},{"value":1,"formattedValue":"1.00"},{"value":1,"formattedValue":"1.00"},{"value":3642,"formattedValue":"3,642"},{"value":1,"formattedValue":"1.00"},{"value":1,"formattedValue":"1.00"},{"value":3642,"formattedValue":"3,642"},{"value":1,"formattedValue":"1.00"},{"value":1,"formattedValue":"1.00"},{"value":3642,"formattedValue":"3,642"},{"value":1,"formattedValue":"1.00"},{"value":1,"formattedValue":"1.00"},{"value":3604,"formattedValue":"3,604"},{"value":1,"formattedValue":"1.00"},{"value":1,"formattedValue":"1.00"},{"value":3604,"formattedValue":"3,604"},{"value":1,"formattedValue":"1.00"},{"value":1,"formattedValue":"1.00"},{"value":3604,"formattedValue":"3,604"},{"value":1,"formattedValue":"1.00"},{"value":1,"formattedValue":"1.00"},{"value":3644,"formattedValue":"3,644"},{"value":1,"formattedValue":"1.00"},{"value":1,"formattedValue":"1.00"},{"value":3644,"formattedValue":"3,644"},{"value":1,"formattedValue":"1.00"},{"value":1,"formattedValue":"1.00"},{"value":3644,"formattedValue":"3,644"},{"value":1,"formattedValue":"1.00"},{"value":1,"formattedValue":"1.00"},{"value":3686,"formattedValue":"3,686"},{"value":1,"formattedValue":"1.00"},{"value":1,"formattedValue":"1.00"},{"value":3686,"formattedValue":"3,686"},{"value":1,"formattedValue":"1.00"},{"value":1,"formattedValue":"1.00"},{"value":3686,"formattedValue":"3,686"},{"value":1,"formattedValue":"1.00"},{"value":1,"formattedValue":"1.00"},{"value":3703,"formattedValue":"3,703"},{"value":1,"formattedValue":"1.00"},{"value":1,"formattedValue":"1.00"},{"value":3703,"formattedValue":"3,703"},{"value":1,"formattedValue":"1.00"},{"value":1,"formattedValue":"1.00"},{"value":3703,"formattedValue":"3,703"},{"value":1,"formattedValue":"1.00"},{"value":1,"formattedValue":"1.00"},{"value":3797,"formattedValue":"3,797"},{"value":1,"formattedValue":"1.00"},{"value":1,"formattedValue":"1.00"},{"value":3797,"formattedValue":"3,797"},{"value":1,"formattedValue":"1.00"},{"value":1,"formattedValue":"1.00"},{"value":3797,"formattedValue":"3,797"},{"value":1,"formattedValue":"1.00"},{"value":1,"formattedValue":"1.00"},{"value":18484,"formattedValue":"18,484"},{"value":1,"formattedValue":"1.00"},{"value":1,"formattedValue":"1.00"},{"value":18484,"formattedValue":"18,484"},{"value":1,"formattedValue":"1.00"},{"value":1,"formattedValue":"1.00"},{"value":18484,"formattedValue":"18,484"},{"value":1,"formattedValue":"1.00"},{"value":1,"formattedValue":"1.00"},{"value":3671,"formattedValue":"3,671"},{"value":1,"formattedValue":"1.00"},{"value":1,"formattedValue":"1.00"},{"value":3671,"formattedValue":"3,671"},{"value":1,"formattedValue":"1.00"},{"value":1,"formattedValue":"1.00"},{"value":3671,"formattedValue":"3,671"},{"value":1,"formattedValue":"1.00"},{"value":1,"formattedValue":"1.00"},{"value":3642,"formattedValue":"3,642"},{"value":1,"formattedValue":"1.00"},{"value":1,"formattedValue":"1.00"},{"value":3642,"formattedValue":"3,642"},{"value":1,"formattedValue":"1.00"},{"value":1,"formattedValue":"1.00"},{"value":3642,"formattedValue":"3,642"},{"value":1,"formattedValue":"1.00"},{"value":1,"formattedValue":"1.00"},{"value":3604,"formattedValue":"3,604"},{"value":1,"formattedValue":"1.00"},{"value":1,"formattedValue":"1.00"},{"value":3604,"formattedValue":"3,604"},{"value":1,"formattedValue":"1.00"},{"value":1,"formattedValue":"1.00"},{"value":3604,"formattedValue":"3,604"},{"value":1,"formattedValue":"1.00"},{"value":1,"formattedValue":"1.00"},{"value":3644,"formattedValue":"3,644"},{"value":1,"formattedValue":"1.00"},{"value":1,"formattedValue":"1.00"},{"value":3644,"formattedValue":"3,644"},{"value":1,"formattedValue":"1.00"},{"value":1,"formattedValue":"1.00"},{"value":3644,"formattedValue":"3,644"},{"value":1,"formattedValue":"1.00"},{"value":1,"formattedValue":"1.00"},{"value":3686,"formattedValue":"3,686"},{"value":1,"formattedValue":"1.00"},{"value":1,"formattedValue":"1.00"},{"value":3686,"formattedValue":"3,686"},{"value":1,"formattedValue":"1.00"},{"value":1,"formattedValue":"1.00"},{"value":3686,"formattedValue":"3,686"},{"value":1,"formattedValue":"1.00"},{"value":1,"formattedValue":"1.00"},{"value":3703,"formattedValue":"3,703"},{"value":1,"formattedValue":"1.00"},{"value":1,"formattedValue":"1.00"},{"value":3703,"formattedValue":"3,703"},{"value":1,"formattedValue":"1.00"},{"value":1,"formattedValue":"1.00"},{"value":3703,"formattedValue":"3,703"},{"value":1,"formattedValue":"1.00"},{"value":1,"formattedValue":"1.00"},{"value":3797,"formattedValue":"3,797"},{"value":1,"formattedValue":"1.00"},{"value":1,"formattedValue":"1.00"},{"value":3797,"formattedValue":"3,797"},{"value":1,"formattedValue":"1.00"},{"value":1,"formattedValue":"1.00"},{"value":3797,"formattedValue":"3,797"}]}